id;title;status;start_date;end_date;created_at
1;amongst vibraphone 果然;擦 once;2025-03-18;2025-03-18;2025-03-18T12:28:22
2;yowza;比较;2025-03-18;2025-03-17;2025-03-18T03:24:04
3;when;当然 平坦;2025-03-18;2025-03-18;2025-03-18T05:08:43
4;by 一味 what;yum 全 through;2025-03-17;2025-03-18;2025-03-18T14:50:54
5;until;ew amid excepting;2025-03-18;2025-03-18;2025-03-18T08:09:48
6;likewise between 猛然;over;2025-03-18;2025-03-18;2025-03-18T10:49:14
7;几乎 拆;failing 倒;2025-03-18;2025-03-18;2025-03-18T11:17:37
8;都;slide 骨碌碌;2025-03-17;2025-03-17;2025-03-18T16:51:39
9;tomb why;抓;2025-03-17;2025-03-17;2025-03-17T22:56:24
10;save which;remark 关闭 phew;2025-03-18;2025-03-18;2025-03-18T03:04:15
